k,method,silhouette,modularity,intra_dist,inter_dist,inter_intra_ratio
2,k-means,0.24472347731059277,0.31194038819782466,5.724849123421362,6.830963998329847,1.1932129303431203
